{"cameraMode":{"drawMode":0,"name":"Shaded","section":"Shading Mode"},"sceneLighting":false,"audioPlay":false,"sceneViewState":{"showFog":true,"showMaterialUpdate":false,"showSkybox":false,"showFlares":true,"showImageEffects":true,"showParticleSystems":true},"in2DMode":false,"pivot":{"x":-0.09901298582553864,"y":0.9799900054931641,"z":-0.09901298582553864},"rotation":{"x":-0.12998425960540772,"y":-0.8687993884086609,"z":0.3122216463088989,"w":-0.3616931140422821},"size":1.2247449159622193,"orthographic":false}